{
  "breast_cancer": {
    "n_estimators_sweep": {
      "k_values": [
        1,
        10,
        20,
        30,
        40,
        50,
        60,
        70,
        80,
        90,
        100
      ],
      "test_accuracy": [
        0.9210526315789473,
        0.9385964912280702,
        0.9473684210526315,
        0.9473684210526315,
        0.9473684210526315,
        0.9473684210526315,
        0.9473684210526315,
        0.9473684210526315,
        0.9473684210526315,
        0.9473684210526315,
        0.9473684210526315
      ],
      "oob_accuracy": [
        0.9166666666666666,
        0.933920704845815,
        0.9560439560439561,
        0.9626373626373627,
        0.9626373626373627,
        0.967032967032967,
        0.9626373626373627,
        0.9604395604395605,
        0.9582417582417583,
        0.9604395604395605,
        0.9582417582417583
      ]
    },
    "max_depth_sweep": {
      "depths": [
        1,
        3,
        5,
        7,
        10,
        13,
        16,
        20
      ],
      "test_accuracy": [
        0.9298245614035088,
        0.956140350877193,
        0.956140350877193,
        0.9473684210526315,
        0.9473684210526315,
        0.9473684210526315,
        0.9473684210526315,
        0.9473684210526315
      ]
    }
  },
  "credit_card_fraud": {
    "n_estimators_sweep": {
      "k_values": [
        1,
        10,
        20,
        30,
        40,
        50,
        60,
        70,
        80,
        90,
        100
      ],
      "test_accuracy": [
        0.999,
        0.998,
        0.999,
        0.999,
        0.999,
        0.999,
        0.999,
        0.999,
        0.999,
        0.999,
        0.999
      ],
      "oob_accuracy": [
        0.9993377483443708,
        0.9982332155477032,
        0.9985,
        0.99875,
        0.99875,
        0.99875,
        0.99875,
        0.99875,
        0.99875,
        0.99875,
        0.99875
      ]
    },
    "max_depth_sweep": {
      "depths": [
        1,
        3,
        5,
        7,
        10,
        13,
        16,
        20
      ],
      "test_accuracy": [
        0.998,
        0.999,
        0.999,
        0.999,
        0.999,
        0.999,
        0.999,
        0.999
      ]
    }
  },
  "mnist_3_vs_8": {
    "n_estimators_sweep": {
      "k_values": [
        1,
        10,
        20,
        30,
        40,
        50,
        60,
        70,
        80,
        90,
        100
      ],
      "test_accuracy": [
        0.915,
        0.976,
        0.972,
        0.978,
        0.982,
        0.981,
        0.982,
        0.979,
        0.978,
        0.978,
        0.978
      ],
      "oob_accuracy": [
        0.9105960264900662,
        0.9343765774861181,
        0.96,
        0.967,
        0.96625,
        0.9695,
        0.97175,
        0.9715,
        0.97275,
        0.975,
        0.975
      ]
    },
    "max_depth_sweep": {
      "depths": [
        1,
        3,
        5,
        7,
        10,
        13,
        16,
        20
      ],
      "test_accuracy": [
        0.881,
        0.935,
        0.964,
        0.977,
        0.983,
        0.986,
        0.981,
        0.981
      ]
    }
  },
  "covertype": {
    "n_estimators_sweep": {
      "k_values": [
        1,
        10,
        20,
        30,
        40,
        50,
        60,
        70,
        80,
        90,
        100
      ],
      "test_accuracy": [
        0.654,
        0.757,
        0.765,
        0.767,
        0.769,
        0.771,
        0.768,
        0.767,
        0.769,
        0.771,
        0.769
      ],
      "oob_accuracy": [
        0.6907284768211921,
        0.6967937389548093,
        0.730432608152038,
        0.7404351087771943,
        0.7416854213553389,
        0.7434358589647412,
        0.7474368592148037,
        0.743935983995999,
        0.7504376094023506,
        0.7499374843710928,
        0.7514378594648662
      ]
    },
    "max_depth_sweep": {
      "depths": [
        1,
        3,
        5,
        7,
        10,
        13,
        16,
        20
      ],
      "test_accuracy": [
        0.486,
        0.66,
        0.688,
        0.712,
        0.739,
        0.743,
        0.758,
        0.77
      ]
    }
  }
}