{
  "breast_cancer": {
    "rounds": [
      1,
      10,
      20,
      30,
      40,
      50,
      60,
      70,
      80,
      90,
      100,
      110,
      120,
      130,
      140,
      150,
      160,
      170,
      180,
      190,
      200
    ],
    "train_error": [
      0.07692307692307687,
      0.01758241758241763,
      0.00439560439560438,
      0.0,
      0.0,
      0.0,
      0.0,
      0.0,
      0.0,
      0.0,
      0.0,
      0.0,
      0.0,
      0.0,
      0.0,
      0.0,
      0.0,
      0.0,
      0.0,
      0.0,
      0.0
    ],
    "test_error": [
      0.07894736842105265,
      0.03508771929824561,
      0.04385964912280704,
      0.052631578947368474,
      0.04385964912280704,
      0.04385964912280704,
      0.04385964912280704,
      0.04385964912280704,
      0.04385964912280704,
      0.04385964912280704,
      0.04385964912280704,
      0.04385964912280704,
      0.04385964912280704,
      0.03508771929824561,
      0.03508771929824561,
      0.03508771929824561,
      0.03508771929824561,
      0.03508771929824561,
      0.03508771929824561,
      0.03508771929824561,
      0.03508771929824561
    ],
    "best_round": 10,
    "best_test_error": 0.03508771929824561,
    "n_estimators_fit": 200,
    "shows_overfitting": false
  },
  "credit_card_fraud": {
    "rounds": [
      1,
      10,
      20,
      30,
      40,
      50,
      60,
      70,
      80,
      90,
      100,
      110,
      120,
      130,
      140,
      150,
      160,
      170,
      180,
      190,
      200
    ],
    "train_error": [
      0.0006249999999999867,
      0.0005625000000000213,
      0.0001875000000000071,
      6.249999999996536e-05,
      0.0,
      0.0,
      0.0,
      0.0,
      0.0,
      0.0,
      0.0,
      0.0,
      0.0,
      0.0,
      0.0,
      0.0,
      0.0,
      0.0,
      0.0,
      0.0,
      0.0
    ],
    "test_error": [
      0.0010000000000000009,
      0.0007500000000000284,
      0.0004999999999999449,
      0.0007500000000000284,
      0.0004999999999999449,
      0.0004999999999999449,
      0.0004999999999999449,
      0.0004999999999999449,
      0.0004999999999999449,
      0.0004999999999999449,
      0.0004999999999999449,
      0.0004999999999999449,
      0.0004999999999999449,
      0.0004999999999999449,
      0.0004999999999999449,
      0.00024999999999997247,
      0.00024999999999997247,
      0.0004999999999999449,
      0.0004999999999999449,
      0.0004999999999999449,
      0.0004999999999999449
    ],
    "best_round": 150,
    "best_test_error": 0.00024999999999997247,
    "n_estimators_fit": 200,
    "shows_overfitting": false
  },
  "mnist_3_vs_8": {
    "rounds": [
      1,
      10,
      20,
      30,
      40,
      50,
      60,
      70,
      80,
      90,
      100,
      110,
      120,
      130,
      140,
      150,
      160,
      170,
      180,
      190,
      200
    ],
    "train_error": [
      0.14354166666666668,
      0.08708333333333329,
      0.07604166666666667,
      0.06354166666666672,
      0.057916666666666616,
      0.053749999999999964,
      0.05125000000000002,
      0.04729166666666662,
      0.04500000000000004,
      0.04208333333333336,
      0.03895833333333332,
      0.03749999999999998,
      0.036666666666666625,
      0.036666666666666625,
      0.035208333333333286,
      0.03270833333333334,
      0.03208333333333335,
      0.03208333333333335,
      0.027708333333333335,
      0.027708333333333335,
      0.027291666666666714
    ],
    "test_error": [
      0.1433333333333333,
      0.08833333333333337,
      0.07416666666666671,
      0.0658333333333333,
      0.0591666666666667,
      0.05833333333333335,
      0.050833333333333286,
      0.04916666666666669,
      0.04833333333333334,
      0.04749999999999999,
      0.04749999999999999,
      0.046666666666666634,
      0.04416666666666669,
      0.04416666666666669,
      0.04500000000000004,
      0.043333333333333335,
      0.043333333333333335,
      0.043333333333333335,
      0.04416666666666669,
      0.04416666666666669,
      0.04416666666666669
    ],
    "best_round": 150,
    "best_test_error": 0.043333333333333335,
    "n_estimators_fit": 200,
    "shows_overfitting": false
  }
}