{
  "breast_cancer": {
    "single_tree": {
      "accuracy": [
        0.9210526315789473,
        0.8771929824561403,
        0.9035087719298246,
        0.9210526315789473,
        0.9292035398230089
      ],
      "f1_macro": [
        0.9163609684519443,
        0.8680555555555556,
        0.8958039052762775,
        0.9170641015277665,
        0.9234417344173442
      ],
      "auc_roc": [
        0.9182771044873895,
        0.864723223059286,
        0.8938492063492064,
        0.9275793650793649,
        0.9193494299128102
      ],
      "accuracy_mean": 0.9104021114733737,
      "accuracy_std": 0.01860497377139152,
      "f1_macro_mean": 0.9041452530457775,
      "f1_macro_std": 0.020300339356058777,
      "auc_roc_mean": 0.9047556657776112,
      "auc_roc_std": 0.022970745889032064
    },
    "adaboost": {
      "accuracy": [
        0.9912280701754386,
        0.9385964912280702,
        0.956140350877193,
        0.9736842105263158,
        0.9734513274336283
      ],
      "f1_macro": [
        0.99062114356232,
        0.933693394266722,
        0.9521289997480473,
        0.9721203228173148,
        0.9711366538952746
      ],
      "auc_roc": [
        0.9970520799213888,
        0.9918113331149689,
        0.9821428571428571,
        1.0,
        0.9963112005365526
      ],
      "accuracy_mean": 0.9666200900481291,
      "accuracy_std": 0.017873261102618603,
      "f1_macro_mean": 0.9639401028579357,
      "f1_macro_std": 0.019416229375242105,
      "auc_roc_mean": 0.9934634941431536,
      "auc_roc_std": 0.006238585521781028
    },
    "random_forest": {
      "accuracy": [
        0.9649122807017544,
        0.9298245614035088,
        0.956140350877193,
        0.9385964912280702,
        0.9646017699115044
      ],
      "f1_macro": [
        0.9629870129870131,
        0.9238222519211494,
        0.9521289997480473,
        0.9354943011882628,
        0.9617208672086721
      ],
      "auc_roc": [
        0.9985260399606944,
        0.9767441860465116,
        0.9894179894179894,
        0.9928902116402117,
        0.9902749832327298
      ],
      "accuracy_mean": 0.9508150908244062,
      "accuracy_std": 0.014191956727552316,
      "f1_macro_mean": 0.947230686610629,
      "f1_macro_std": 0.0152834432221879,
      "auc_roc_mean": 0.9895706820596274,
      "auc_roc_std": 0.007158995277722957
    },
    "sklearn_rf_reference": {
      "accuracy": [
        0.9649122807017544,
        0.9385964912280702,
        0.956140350877193,
        0.9473684210526315,
        0.9734513274336283
      ],
      "f1_macro": [
        0.9629870129870131,
        0.9329805996472662,
        0.9521289997480473,
        0.9449275362318841,
        0.9714382003538631
      ],
      "auc_roc": [
        0.9983622666229938,
        0.9785456927612185,
        0.9788359788359788,
        0.9945436507936507,
        0.9924547283702214
      ],
      "accuracy_mean": 0.9560937742586555,
      "accuracy_std": 0.012339688646904016,
      "f1_macro_mean": 0.9528924697936147,
      "f1_macro_std": 0.013463651437667432,
      "auc_roc_mean": 0.9885484634768126,
      "auc_roc_std": 0.008269216268312597
    }
  },
  "credit_card_fraud": {
    "single_tree": {
      "accuracy": [
        0.9900891972249752,
        0.9930555555555556,
        0.9910714285714286,
        0.9920634920634921,
        0.9920634920634921
      ],
      "f1_macro": [
        0.8051822675316651,
        0.846069940443727,
        0.802089923427649,
        0.8441437959025899,
        0.8313253012048192
      ],
      "auc_roc": [
        0.895995995995996,
        0.89749498997996,
        0.8469939879759519,
        0.9464929859719439,
        0.896993987975952
      ],
      "accuracy_mean": 0.9916686330957887,
      "accuracy_std": 0.0010086279821704177,
      "f1_macro_mean": 0.8257622457020901,
      "f1_macro_std": 0.018789070138671666,
      "auc_roc_mean": 0.8967943895799607,
      "auc_roc_std": 0.03146807460271085
    },
    "adaboost": {
      "accuracy": [
        0.9970267591674926,
        0.9940476190476191,
        0.996031746031746,
        0.9940476190476191,
        0.9950396825396826
      ],
      "f1_macro": [
        0.9203022563913535,
        0.8734939759036144,
        0.898997995991984,
        0.8734939759036144,
        0.8796992481203008
      ],
      "auc_roc": [
        0.904004004004004,
        0.9986973947895792,
        0.9693386773547095,
        0.9862725450901804,
        0.9958917835671341
      ],
      "accuracy_mean": 0.9952386851668319,
      "accuracy_std": 0.0011578456903735452,
      "f1_macro_mean": 0.8891974904621736,
      "f1_macro_std": 0.018149235348717166,
      "auc_roc_mean": 0.9708408809611214,
      "auc_roc_std": 0.03496024622024005
    },
    "random_forest": {
      "accuracy": [
        0.998017839444995,
        0.9970238095238095,
        0.9970238095238095,
        0.9990079365079365,
        0.998015873015873
      ],
      "f1_macro": [
        0.9439444444444445,
        0.9203015048889123,
        0.9203015048889123,
        0.9734338349629708,
        0.9439439439439439
      ],
      "auc_roc": [
        0.9234234234234233,
        0.9991983967935871,
        0.9346192384769538,
        0.9765030060120241,
        0.9967935871743486
      ],
      "accuracy_mean": 0.9978178536032847,
      "accuracy_std": 0.0007424978578945561,
      "f1_macro_mean": 0.9403850466258368,
      "f1_macro_std": 0.019617618463525072,
      "auc_roc_mean": 0.9661075303760673,
      "auc_roc_std": 0.03149016020554925
    },
    "sklearn_rf_reference": {
      "accuracy": [
        0.998017839444995,
        0.998015873015873,
        0.996031746031746,
        0.9990079365079365,
        0.998015873015873
      ],
      "f1_macro": [
        0.9439444444444445,
        0.949498997995992,
        0.887887887887888,
        0.9734338349629708,
        0.9439439439439439
      ],
      "auc_roc": [
        0.9242242242242241,
        0.9981462925851703,
        0.9841182364729459,
        0.935821643286573,
        0.997995991983968
      ],
      "accuracy_mean": 0.9978178536032847,
      "accuracy_std": 0.0009721003332434804,
      "f1_macro_mean": 0.9397418218470477,
      "f1_macro_std": 0.028122960612493596,
      "auc_roc_mean": 0.9680612777105763,
      "auc_roc_std": 0.03168628236158121
    }
  },
  "mnist_3_vs_8": {
    "single_tree": {
      "accuracy": [
        0.954,
        0.948,
        0.948,
        0.956,
        0.953
      ],
      "f1_macro": [
        0.953926282051282,
        0.9479398184301052,
        0.9479791916766707,
        0.955985739379559,
        0.9529792638553602
      ],
      "auc_roc": [
        0.9536582924632169,
        0.9478330497447703,
        0.948183375766601,
        0.9562456966261549,
        0.9531592768730685
      ],
      "accuracy_mean": 0.9517999999999999,
      "accuracy_std": 0.0032496153618543867,
      "f1_macro_mean": 0.9517620590785955,
      "f1_macro_std": 0.003253445348683367,
      "auc_roc_mean": 0.9518159382947624,
      "auc_roc_std": 0.0032826970014056375
    },
    "adaboost": {
      "accuracy": [
        0.946,
        0.953,
        0.946,
        0.949,
        0.956
      ],
      "f1_macro": [
        0.9459446473188545,
        0.9529657120040509,
        0.9459861724601497,
        0.9489815823512289,
        0.9559887331156776
      ],
      "auc_roc": [
        0.9824722250025023,
        0.9914162746471824,
        0.9846319514499368,
        0.9816536164352851,
        0.9887832060335302
      ],
      "accuracy_mean": 0.95,
      "accuracy_std": 0.003949683531626304,
      "f1_macro_mean": 0.9499733694499923,
      "f1_macro_std": 0.003956025719994221,
      "auc_roc_mean": 0.9857914547136873,
      "auc_roc_std": 0.003743597589391709
    },
    "random_forest": {
      "accuracy": [
        0.979,
        0.975,
        0.981,
        0.977,
        0.985
      ],